Mapa,Pais
-34.5875 -58.6725,Argentina
-34 -64,Argentina
-34 -64,Argentina
38 -97,United States
38 -97,United States
38 -97,United States
38 -97,United States
38 -97,United States
38 -97,United States
38 -97,United States
38 -97,United States
38 -97,United States
38 -97,United States
38 -97,United States
38 -97,United States
37.3961 -121.961,United States
37.3961 -121.961,United States
37.3961 -121.961,United States
37.3961 -121.961,United States
37.3961 -121.961,United States
37.3961 -121.961,United States
